Workbook

Sheet Executive Summary
B2: Automation Value & Reliability Hub
B4: Reporting month: August 2026
B6: Active automations | F6: Actual process runs | J6: Net saved hours
B7: =COUNTA('Automation Details'!A2:A3) | F7: =SUM('Automation Details'!W2:W3) | J7: =SUM('Automation Details'!AF2:AF3)
B10: First-pass success rate | F10: Completion rate | J10: Failed runs
B11: =IF(SUM('Automation Details'!W2:W3)=0,0,SUM('Automation Details'!L2:L3)/SUM('Automation Details'!W2:W3)) | F11: =IF(SUM('Automation Details'!W2:W3)=0,0,SUM('Automation Details'!X2:X3)/SUM('Automation Details'!W2:W3)) | J11: =SUM('Automation Details'!N2:N3)
B14: Maintenance hours | F14: Action Required | J14: Monitor
B15: =SUM('Automation Details'!Q2:Q3)/60 | F15: =COUNTIF('Automation Details'!AH2:AH3,"Action Required") | J15: =COUNTIF('Automation Details'!AH2:AH3,"Monitor")
B19: Key visuals
B43: Interpretation: Gross savings represent manual active time avoided for completed runs. Net savings additionally deduct rework and maintenance. Machine runtime is stored separately and is not deducted when the process is unattended or semi-attended.

Sheet Automation Details
A1: Automation ID | B1: Automation Name | C1: Process Name | D1: Technology | E1: Frequency | F1: Owner | G1: Reporting Month | H1: Expected Runs | I1: Manual Minutes | J1: Automated Minutes | K1: Machine Runtime Minutes | L1: Clean Success Runs | M1: Completed with Rework | N1: Failed Runs | O1: Retry Count | P1: Rework Minutes | Q1: Maintenance Minutes | R1: Validation Status | S1: Baseline Method | T1: Baseline Confidence | U1: Comment | V1: Records Processed | W1: Actual Process Runs | X1: Completed Runs | Y1: First-Pass Success Rate | Z1: Completion Rate | AA1: Failure Rate | AB1: Execution Rate | AC1: Gross Saved Minutes | AD1: Gross Saved Hours | AE1: Net Saved Minutes | AF1: Net Saved Hours | AG1: Maintenance Ratio | AH1: Health Status | AI1: Health Reason | AJ1: Data Quality Status
A2: AUT-001 | B2: Action plan list reminders | C2: Action plan list | D2: Power Automate | E2: Monthly | F2: Przemyslaw Kondrat | G2: 46235 | H2: 1 | I2: 180 | J2: 5 | K2: 10 | L2: 1 | M2: 0 | N2: 0 | O2: 0 | P2: 0 | Q2: 0 | R2: Passed | S2: Not Available | T2: Unknown | W2: =L2+M2+N2 | X2: =L2+M2 | Y2: =IFERROR(L2/W2,0) | Z2: =IFERROR(X2/W2,0) | AA2: =IFERROR(N2/W2,0) | AB2: =IFERROR(W2/H2,0) | AC2: =(I2-J2)*X2 | AD2: =AC2/60 | AE2: =AC2-P2-Q2 | AF2: =AE2/60 | AG2: =IFERROR(Q2/AC2,0) | AH2: Healthy | AI2: no failure, rework, retry or material maintenance issue | AJ2: Info
A3: AUT-002 | B3: Process Performance copying | C3: Process Performance Heatmap | D3: Power Automate | E3: Monthly | F3: Przemyslaw Kondrat | G3: 46235 | H3: 1 | I3: 120 | J3: 5 | K3: 15 | L3: 0 | M3: 1 | N3: 0 | O3: 1 | P3: 10 | Q3: 0 | R3: Passed | S3: Not Available | T3: Unknown | W3: =L3+M3+N3 | X3: =L3+M3 | Y3: =IFERROR(L3/W3,0) | Z3: =IFERROR(X3/W3,0) | AA3: =IFERROR(N3/W3,0) | AB3: =IFERROR(W3/H3,0) | AC3: =(I3-J3)*X3 | AD3: =AC3/60 | AE3: =AC3-P3-Q3 | AF3: =AE3/60 | AG3: =IFERROR(Q3/AC3,0) | AH3: Monitor | AI3: process completed with rework; technical retry recorded | AJ3: Warning

Sheet Data Quality
A1: Issue ID | B1: Severity | C1: Automation ID | D1: Reporting Month | E1: Rule Code | F1: Field | G1: Description | H1: Blocking | I1: Detected At
A2: DQ-0001 | B2: Info | C2: AUT-001 | E2: BASELINE_METHOD_NOT_REPORTED | F2: baseline_method | G2: Baseline Method is not available. Mark the time as Measured, Reconstructed or Estimated when known. | H2: FALSE | I2: 2026-09-30T22:02:27.346297+00:00
A3: DQ-0002 | B3: Info | C3: AUT-002 | E3: BASELINE_METHOD_NOT_REPORTED | F3: baseline_method | G3: Baseline Method is not available. Mark the time as Measured, Reconstructed or Estimated when known. | H3: FALSE | I3: 2026-09-30T22:02:27.346537+00:00
A4: DQ-0003 | B4: Warning | C4: AUT-002 | D4: 2026-08-01 | E4: REWORK_WITHOUT_COMMENT | F4: comment | G4: Rework Minutes is above zero but Comment is blank. | H4: FALSE | I4: 2026-09-30T22:02:27.351435+00:00
A5: DQ-0004 | B5: Warning | C5: AUT-002 | D5: 2026-08-01 | E5: REWORK_WITH_PASSED_STATUS | F5: validation_status | G5: Completed with Rework is above zero; consider using 'Passed with Issues'. | H5: FALSE | I5: 2026-09-30T22:02:27.351544+00:00

Sheet AI Summary
A1: Monthly Management Summary
A4: # Automation Value & Reliability Hub - 2026-08 ## Executive Summary The prototype covers 2 automation(s) and 2 recorded business process run(s). The portfolio generated 4.67 net saved hours after deducting rework and maintenance. First-pass success rate was 50.0% and completion rate was 100.0%. The data contains 0 failed run(s), 0.17 rework hour(s) and 0.00 maintenance hour(s). ## Health Status Healthy: 1, Monitor: 1, Action Required: 0, Insufficient Data: 0. ## Automations Requiring Attention - AUT-002 - Process Performance copying: Monitor (process completed with rework; technical retry recorded). ## Data Quality Blocking errors: 0; warnings: 2; information items: 2. This text is generated deterministically from validated KPI data. An approved AI tool may later improve the wording, but should not recalculate the figures.

Sheet Methodology
A1: Metric / Concept | B1: Definition
A2: Actual Process Runs | B2: Clean Success Runs + Completed with Rework + Failed Runs.
A3: Completed Runs | B3: Clean Success Runs + Completed with Rework.
A4: First-Pass Success Rate | B4: Clean Success Runs / Actual Process Runs.
A5: Completion Rate | B5: Completed Runs / Actual Process Runs.
A6: Failure Rate | B6: Failed Runs / Actual Process Runs.
A7: Execution Rate | B7: Actual Process Runs / Expected Runs per Month.
A8: Gross Saved Minutes | B8: (Manual Active Minutes - Automated Active Minutes) x Completed Runs.
A9: Net Saved Minutes | B9: Gross Saved Minutes - Rework Minutes - Maintenance Minutes.
A10: Maintenance Ratio | B10: Maintenance Minutes / Gross Saved Minutes.
A11: Machine Runtime | B11: Technical execution time. It is not deducted from user time for unattended or semi-attended processes.
A12: Healthy | B12: No failure, rework, retry or material maintenance issue was detected.
... A15: Insufficient Data | B15: A required baseline or monthly process result is missing.
